data,titulo,resumo
2018-01-31,"Cramer Remix: AbbVie and Biogen are the best-in-show biotechs for 2018 so far","Jim Cramer breaks down his take on the biotech pullback and which two he thinks could be top performers."
2018-01-31,"Cramer's lightning round: Take a long-term view on Johnson & Johnson","Jim Cramer shares his take on callers' favorite stocks at lightning speed, including one pharmaceutical play under pressure."
2018-01-31,"Cramer suggests 6 State of the Union stock picks","Jim Cramer analyzes the president's State of the Union address to find the best stocks to buy off the rhetoric."
2018-01-31,"Cramer's rigorous guide for investing during market volatility","Jim Cramer lists the secular growth themes worth buying on days when the market takes dramatic swings."
2018-01-30,"Cramer Remix: Amazon knocked Walgreens and UnitedHealth down, but they’ll get back up again","Jim Cramer predicts how stocks like Walgreens and United Health will fare in light of the Amazon health-care development."
2018-01-30,"Cramer's lightning round: AT&T's cash flow could get a boost","Jim Cramer zipped through his take on callers' favorite stocks, including a telecommunications play in merger talks."
2018-01-30,"Cramer bullish on Dr Pepper-Keurig deal despite Wall Street's tepid response","Jim Cramer lists the benefits of the Dr Pepper Snapple-Keurig Green Mountain deal, zeroing in on Keurig CEO Bob Gamgort's track record."
2018-01-30,"Top steel CEO says US 'desperately' needs new infrastructure to sustain economic boom","Jim Cramer speaks to Nucor Chairman and CEO John Ferriola about Chinese steel dumping and President Donald Trump's agenda."
2018-01-30,"Cramer says Centene is the way to play the Amazon-Berkshire-JP Morgan health care move","Jim Cramer advises investors on how to act after Amazon, Berkshire Hathaway and J.P. Morgan announced a joint foray into health care."
2018-01-29,"Cramer Remix: Why Apple’s stock has been set up to fail","Jim Cramer still says to hold Apple, not trade it, but shares why he feels indifferent to its upcoming quarter."
2018-01-29,"Cramer weighs in on the stock of Wynn Resorts after misconduct allegations","Jim Cramer estimates the future of Wynn Resorts after its CEO, Steve Wynn, was accused of sexual misconduct."
2018-01-29,"Cramer's lightning round: Prudential's not Metlife, but watch out for pin action","Jim Cramer zoomed through his take on callers' favorite stocks, including an insurance play."
2018-01-29,"Daryl Guppy takes a look at the S&P 500","Daryl Guppy of Guppytraders.com sees strong support around 2,700 for the S&P 500 and advises to wait on Apple."
2018-01-29,"Cramer's charts forecast further gains for health care giants Centene and Cardinal Health","Jim Cramer takes to the charts with Marc Chaikin to see if shares of Centene, Cardinal Health and Amgen have more room to run."
2018-01-29,"Cramer: Use the earnings 'damage' to your advantage this week","Jim Cramer advises investors on how to use their cash wisely during a volatile week of earnings."
2018-01-29,"Goldman Sachs sees 'high probability' of a stock market correction in the coming months","Goldman Sachs believes ""correction signals are flashing"" and is advising its clients to prepare for a correction."
2018-01-29,"Cramer Remix: The 115-year-old 3M is still getting it right","Jim Cramer reveals why 3M is an oldie but a goodie."
2018-01-26,"Cramer's lightning round: I would not sell Valeant right now","Jim Cramer flew through his take on callers' favorite stocks, including a pharmaceutical play undergoing a turnaround."
2018-01-26,"Head of esports scholarship program is bullish on competitive gaming, but not with games like NBA 2K","Jim Cramer sits down with UC Irvine's Acting Director of esports Mark Deppe to hear about how competitive gaming is coming to colleges."
2018-01-26,"Cramer says the market's other FANG is a great growth play on oil","Jim Cramer taps Diamondback Energy as one of the best ways to play crude oil's price recovery."
2018-01-29,"Cramer's game plan: Welcome to the Super Bowl of earnings","Jim Cramer looks ahead to a major earnings week with the likes of Boeing, Facebook and Apple set to report."
2018-01-26,"Cramer Remix: My loneliest defense of Apple yet","Jim Cramer revealed why he still believes in Apple’s ability to head higher."
2018-01-24,"Cramer's lightning round: US Concrete could go higher because of state spending","Jim Cramer rattled off his take on callers' favorite stocks, including an infrastructure play."
2018-01-24,"Cramer: Contrary to popular belief, now is a good time to buy consumer goods stocks","Jim Cramer made the bull case for buying consumer packaged goods stocks Procter & Gamble and Kimberly-Clark in this environment."
2018-01-24,"Top consumer tech CEO shares top 3 growth drivers: Location, innovation and diversification","Jim Cramer sat down with Logitech CEO Bracken Darrell to speak about the consumer, e-commerce and the tech company's latest products."
2018-01-24,"Cramer unpacks the wild action in a 'new' kind of market—one with 3 trading sessions a day","Jim Cramer adopted a new view of the stock market, which had a monster rally and a treacherous dive all in one trading day."
2018-01-23,"Cramer Remix: Netflix's recent run makes me upset","Jim Cramer was happy about the Netflix quarter, but bummed that it could have been acquired a very long time ago."
2018-01-24,"Barstool Sports CEO Erika Nardini: There is nothing this cult-like, male-focused media brand can’t do","Jim Cramer sat down with Barstool Sports' founder, Dave Portnoy, and CEO, Erika Nardini, to discuss the controversial brand's rise to power."
2018-01-23,"Cramer's lightning round: Buy HP Inc. despite Morgan Stanley's downgrade","Jim Cramer shared his take on callers' favorite stocks, including a recently downgraded technology play."
2018-01-23,"Cramer: With speculators the most bullish in history, charts show oil prices could soon peak","Jim Cramer drilled down on the oil patch with help from technician Carley Garner to check the strength of crude prices."
2018-01-23,"Cramer: Check your bias at the door with stocks like Facebook and P&G","Jim Cramer argued against selling high-quality stocks because of negative news and told investors to break the weak-handed habit."
2018-01-23,"'Rocket fuel' from tax cuts will continue to drive US markets","Robert Lutts of Cabot Wealth Management says stocks can still move higher with the S&P 500 reaching 3,150."
2018-01-23,"Market performance after the government reopens","Since 1980 the government has shut down 12 times. Two weeks after it reopens for business stocks tend to perform well, with the Dow and S&P each gaining 3%"
2018-01-22,"Cramer Remix: ADT's IPO was the latest insult to this market","Jim Cramer broke down why he thinks the IPO market has been slim pickings amidst the current bull market."
2018-01-22,"Cramer's lightning round: Stick with Splunk for an investment in the cloud","Jim Cramer zipped through his take on callers' favorite stocks, including an under-the-radar cloud giant."
2018-01-22,"'Shark Tank's' Daymond John: Being selfish is a key to success","Jim Cramer sat down with ""Shark Tank"" investor and FUBU chief Daymond John to hear about his latest book and favorite market trends."
2018-01-22,"Cramer's guide to investing in the stock market's winning sectors","Jim Cramer did a deep dive into the market's strongest sectors, including tech and the banks, to find the best investments in each space."
2018-01-22,"Cramer: Blink and you'll miss this market's windows of opportunity","Jim Cramer stressed the importance of buying stocks on weakness and pinpointed the small moments investors get to buy in."
2018-01-22,"The regular investor can now trade the stock market 24 hours a day","Traders on the TD Ameritrade platform are now able to buy and sell shares of ETFs like the SPDR S&P 500 (SPY) at any time of the day."
2018-01-22,"Cramer Remix: My advice for Lloyd Blankfein on cryptocurrencies","Jim Cramer revealed why cryptocurrency could be key for Goldman Sachs."
2018-01-19,"Cramer's lightning round: Buy Cisco before its quarterly earnings report","Jim Cramer shared his take on callers' favorite stocks, including a high-profile tech name about to report earnings."
2018-01-19,"WWE is a 'data powerhouse' thanks to content, growth and digital, CFO says","Jim Cramer sat down with WWE CFO George Barrios to understand how the company continues to captivate its massive audience."
2018-01-19,"Cramer: The Amazon Prime rate bump is a clarion call to buy the stock","Jim Cramer explained why buying shares of Amazon, Netflix and Costco when they raise their subscription prices is a winning strategy."
2018-01-20,"Cramer's game plan: Watch these stocks as earnings season kicks into high gear","Jim Cramer advised investors on stocks to watch as earnings season begins in earnest and companies guide toward tax reform benefits."
2018-01-18,"Cramer Remix: How I decide which retailers are not buyable","Jim Cramer explained how he uses his shopping experiences to help determine which retailer stocks are not worth buying."
2018-01-19,"Cramer's lightning round: Hormel's one of the few food stocks I like","Jim Cramer zoomed through his take on callers' favorite stocks, including one food stock with good growth prospects."
2018-01-18,"Cramer tracks 4 growing market discrepancies: Rates, Trump, cryptocurrencies and stocks","Jim Cramer tapped into four conflicting arguments in the stock market that are dominating the tape."
2018-01-18,"IBM executive says blockchain 'creates a lot of value' for manufacturers, retailers","Jim Cramer spoke with IBM's Martin Schroeter after earnings to hear his take on blockchain, bitcoin and the new tax law."
2018-01-19,"Cramer: I've never seen a market like this in my life","Jim Cramer said an overload of buyers in the stock market is resulting in dramatically rising stock prices."
2018-01-19,"Cramer Remix: The real ‘wild card’ behind soaring retail revenues","Jim Cramer detailed how ramped-up consumer spending is bolstering the retail sector beyond what tax reform can do."
2018-01-17,"Cramer's lightning round: I prefer Disney to Twenty-First Century Fox","Jim Cramer flew through his take on callers' favorite stocks, including an entertainment play making headlines."
2018-01-17,"Top energy executive says natural gas industry will need $150 billion of infrastructure investment","Jim Cramer sat down with natural gas guru Charif Souki, who shared his outlook on the future of natural gas exploration."
2018-01-17,"Cramer remains confident on most major banks after earnings","Jim Cramer reiterated his bullishness on J.P. Morgan, Citigroup and Bank of America after a flurry of earnings reports from the big banks."
2018-01-17,"Cramer calls Apple's $350 billion investment in the US economy a 'modern-day Marshall Plan'","Jim Cramer interviewed Apple CEO Tim Cook after his company's pledge to contribute $350 billion to the U.S. economy."
2018-01-17,"Weeden:  What's different in this market today than a few weeks or months ago?","Michael Purves of Weeden says if rates and inflation accelerate, the markets could explode in the first half of the year, but decline in the second half."
2018-01-16,"Cramer Remix: The prospect of stock buybacks should calm fears of a major market decline","Jim Cramer said there’s one thing that this market needs to do to curb the major stock shortage facing investors."
2018-01-16,"Cramer's lightning round: GoPro won't be bought for more than $1B","Jim Cramer rattled off his take on callers' favorite stocks, including a device play fielding rumors of a buyout."
2018-01-16,"Cramer's charts suggest Amazon, Alphabet, Netflix and Nvidia's stocks might be about to pull back","Jim Cramer examined the tech titans' weekly stock charts to determine if it's time for investors to take some profits."
2018-01-16,"Cramer reveals the biggest winners and losers from the JP Morgan Healthcare Conference","Jim Cramer listed the J.P. Morgan's Healthcare Conference's best and worst performers judging by the stock market's reaction."
2018-01-16,"Cramer's 5 cardinal rules of engagement with the bull market","Jim Cramer gave investors several key guidelines for maneuvering the bull market in beast mode."
2018-01-12,"Cramer Remix: Tuesday's the day to buy Facebook","Jim Cramer offered his take on Facebook’s action in this market."
2018-01-12,"Cramer's lightning round: Estee Lauder's CEO makes this stock a beauty","Jim Cramer zipped through his take on callers' favorite stocks, including that of a cosmetics company with a top CEO."
2018-01-12,"Cramer gets bullish on casino stocks like Wynn Resorts as Macau prospects improve","Jim Cramer tracked the casino stocks' months-long rebound to gauge whether an improving outlook overseas could still drive their gains."
2018-01-12,"Cramer: 'This time it's different' can actually make you money","Jim Cramer said the success of Facebook, Amazon, Netflix and Alphabet proves why ""this time it's different"" can help you, not hurt you."
2018-01-12,"Cramer's game plan: JP Morgan set the benchmark. Now watch the banks","Jim Cramer laid out the stocks and events he'll be watching as earnings season kicks into high gear with the big banks' reports."
2018-01-12,"Markets after the start of Q4 earnings season","According to Kensho, this is the place to be after the start of earnings season. "
2018-01-11,"Cramer Remix: Boeing is a better bet than bitcoin","Jim Cramer revealed what he’s recommending over the cryptocurrency."
2018-01-11,"Cramer shares 5 reasons why the retail sector is back in action, according to industry executives","Jim Cramer relayed five factors driving the retail cohort back into Wall Street's good graces."
2018-01-11,"Cramer's lightning round: People might be bailing on Regeneron, but it's a buy","Jim Cramer zoomed through his take on callers' favorite stocks, including a pharmaceutical name spooking investors."
2018-01-11,"Cramer prepares investors for the big banks' Friday earnings reports","Jim Cramer told investors what to pay attention to in J.P. Morgan, Wells Fargo and PNC's earnings reports."
2018-01-11,"Cramer explains the nonsensical action in oil and airline stocks","Jim Cramer pointed out the contradictory action in oil prices and airline stocks, two related sectors benefiting from the bull market."
2018-01-10,"Cramer Remix: Domino’s Pizza proves why stock-picking is still a winning strategy","Jim Cramer dished on how Domino’s Pizza was able to outperform index funds despite the increasingly difficult environment."
2018-01-10,"Cramer's lightning round: Wait for General Dynamics—it's about to move higher","Jim Cramer shared his take on callers' favorite stocks, including a play on aerospace and defense."
2018-01-10,"Cramer's charts show video game stocks like Take-Two have more room to run","Jim Cramer took to the charts of video game stocks with technician Rob Moreno to see if the red-hot sector still has gains left."
2018-01-10,"'There's a rhythm to these things:' Domino's Pizza CEO discusses impending departure","Jim Cramer spoke with Domino's Pizza CEO Patrick Doyle to discuss his recently announced departure from the company."
2018-01-10,"Cramer makes the bull case for China's move to cut US debt purchases","Jim Cramer laid out the benefits of China potentially halting its purchases of U.S. sovereign debt."
2018-01-09,"Three rate hikes by the Fed in 2018 would be problematic for markets, expert says","The latest FOMC projections indicate three rate hikes for 2018, but markets have only priced in two increases."
2018-01-09,"Cramer Remix: My warning to the market cynics","Jim Cramer broke down the action in the market and explained why he thinks investors can’t afford to be too cynical."
2018-01-09,"Cramer's lightning round: The analysts downgrading Edwards Lifesciences are 'knuckleheads'","Jim Cramer flew through his take on callers' favorite stocks, including a biotechnology stock being targeted by Wall Street."
2018-01-10,"Physical stores are 'critical' no matter where consumers choose to shop, Kohl's CEO says","Jim Cramer sat down with Kohl’s CEO Kevin Mansell, who discussed his company's partnership with Amazon and his outlook on retail."
2018-01-09,"Children's Place CEO: We have the 'dream customer'—millennial moms","Jim Cramer sat down with Children's Place President and CEO Jane Elfers, who broke down the company's turnaround strategy."
2018-01-09,"Cramer lists 6 tailwinds for consumer-related stocks","Jim Cramer made the bull case for consumer stocks in a defining era for traditional retailers."
2018-01-08,"Cramer Remix: Tesla’s stock is up for one simple reason","Jim Cramer lifted the hood on Tesla’s move higher and why he thinks the stock rose despite fewer-than-expected Model 3 deliveries in Q4."
2018-01-08,"Cramer's lightning round: Mercadolibre is even better than eBay was","Jim Cramer rattled off his take on callers' favorite stocks, including a Latin American e-commerce play."
2018-01-08,"'Best days are still ahead' for top opioid addiction treatment Vivitrol, CEO says","Jim Cramer spoke to Alkermes CEO Richard Pops, who said 2018 will be a year of milestones for his company's drugs."
2018-01-08,"Cramer: Marijuana, bitcoin and Micron are all speculative investments","Jim Cramer gauged the speculative potential of the cannabis, cryptocurrency and chipmaking markets for individual investors."
2018-01-08,"Cramer says 4 things—including the tax overhaul—will continue to push stocks higher","Jim Cramer explained how index funds, stock shortages, tax cuts and low valuations all coalesce to drive stocks higher."
2018-01-08,"Markets after Q1 first-week streak","Our data partners at Kensho say the rally is due to roll at least until the end of the quarter. Since 1980 when up the first week of the year, the run continues. The Nasdaq up an average of 6.96% in Q1. Almost 4% for the S&P and Dow after a good first week. "
2018-01-05,"Last year's S&P 500 winners could still have room to run","Jim Cramer ran through the S&P 500's worst performers for 2017 and found some redeemable players in the house of pain."
2018-01-05,"Last year's S&P 500 losers could be prime for speculation","Jim Cramer ran through the S&P 500's worst performers for 2017 and found some redeemable players in the house of pain."
2018-01-05,"Cramer Remix: Common sense can make you money in this market","Jim Cramer explained how observations, and not just knowledge of stocks, could help you find your next play."
2018-01-05,"Cramer Remix: Common sense can make you money in this market","Jim Cramer explained how observations, and not just knowledge of stocks, could help you find your next play."
2018-01-05,"Cramer says the S&P 500's biggest 2017 losers could be prime for speculation","Jim Cramer ran through the S&P 500's worst performers for 2017 and found some redeemable players in the house of pain."
2018-01-05,"Cramer's lightning round: Buy B&G Foods on its millennial advantage","Jim Cramer zipped through his take on callers' favorite stocks, including a food product play."
2018-01-05,"Cramer says the S&P 500's biggest 2017 losers could be prime for speculation","Jim Cramer ran through the S&P 500's worst performers for 2017 and found some redeemable players in the house of pain."
2018-01-05,"Cramer: The S&P 500's winners for 2017 could still have room to run this year","Jim Cramer reviewed the S&P 500's best performers for 2017 and noted the names that have more room to run."
2018-01-05,"Cramer's game plan: Feeding the beast with a bank earnings kicker","Jim Cramer looked ahead to the stocks and events he'll watch next week, including two major conferences and earnings from the banks."
2018-01-05,"Cramer: The S&P 500's winners for 2017 could still have room to run this year","Jim Cramer reviewed the S&P 500's best performers for 2017 and noted the names that have more room to run."
2018-01-05,"Under Armour cools off after gains","Our data partners at Kensho, show after a move of 10% or more in a week Under Armour cools off. Down three percent on average a week later."
2018-01-05,"Stocks tend to be cold in January","January tends to be a tough month for stocks  with the Dow, S&P, Dow and Russel 2K all averaging losses of more than one percent. "
2018-01-04,"Cramer Remix: Even at Dow 25K, this market is a beast, and it's a beauty","Jim Cramer dished on what’s behind the strength of this market."
2018-01-04,"Cramer Remix: Even at Dow 25K, this market is a beast, and it's a beauty","Jim Cramer dished on what’s behind the strength of this market."
2018-01-04,"Cramer: The US-China 'trade war' could explode in 2018","Jim Cramer made the case for President Donald Trump and the U.S. Department of Commerce to prohibit Chinese steel dumping."
2018-01-04,"Cramer's lightning round: Stop talking, start buying Raytheon","Jim Cramer zoomed through his take on callers' favorite stocks, including a defense play fresh off some momentary weakness."
2018-01-04,"Dominion CEO bullish on latest deal: 'We're investing for the long term in South Carolina'","Jim Cramer spoke to Dominion Energy CEO Tom Farrell about his company's acquisition of struggling South Carolinian utility Scana."
2018-01-04,"Cramer pinpoints stocks that are feeding the market in 'beast mode'","Jim Cramer zoomed in on the stocks that drove the ""beast"" market to new highs on Thursday, including Dow 25,000."
2018-01-04,"Tax cuts may be good for short-term profit pop, but long term outlook not so rosy","Concern that tax reform offers only a one-time lift to stocks and it may all be discounted before this month is over."
2018-01-03,"Cramer Remix: I've issued more mea culpas on GE than any other stock, but I'm not giving up just yet","Jim Cramer revealed why he hasn’t given up on GE yet."
2018-01-03,"Cramer's lightning round: Don't sell the stock of Ametek. It's a winner","Jim Cramer flew through his take on callers' favorite stocks, including an under-the-radar industrial play."
2018-01-03,"Cramer dubs Children's Place a 'fabulous' buy on weakness","Jim Cramer tracked Children's Place's positive drivers and anointed it one of his few ""buys"" in brick-and-mortar retail."
2018-01-03,"Cramer reviews the Dow's biggest winners and losers for 2017","Jim Cramer reviewed the Dow Jones industrial average's best and worst performers for the 2017 calendar year."
2018-01-03,"Cramer: Analyst recommendations are already boosting stocks in 2018—and they won't stop","Jim Cramer highlighted the flurry of bullish, stock-moving analyst notes issued after the Republican tax bill became law."
2018-01-03,"Markets after S&P gains 15% in a year","According to our data partners at Kensho, after the S&P finished 15% up or more in a year the index is positive 77% of the time the following year, returning an average of 8.8% since 1980. The Nasdaq and Dow also have good track records after a big year. "
2018-01-02,"Cramer Remix: My prediction for Apple in 2018","Jim Cramer dished out his take on whether Apple can continue to stay juicy this year after it had a big run last year."
2018-01-02,"Cramer Remix: Apple's stock won't slow down in 2018","Jim Cramer dished out his take on whether Apple can continue to stay juicy this year after it had a big run last year."
2018-01-02,"Cramer shares his top energy stock picks as oil prices rise","Jim Cramer revisited the oil sector and hand-picked the best investment guidelines for the energy stock comeback."
2018-01-02,"Cramer's lightning round: Buy Becton Dickinson's stock hand over fist","Jim Cramer rattled off his take on callers' favorite stocks, including one of his favorite biotechnology plays."
2018-01-02,"Cramer's S&P 500 and Dow charts indicate a strong start to 2018","Jim Cramer warned investors about getting too cynical after a robust year for the averages and healthy momentum ahead."
2018-01-02,"Cramer reflects on how Trump's actions are fueling the 'beast' market rally","Jim Cramer examined the notion that investors are ""bored"" with the market rally and explained how the president is driving stocks higher."
2018-01-02,"The major indexes trade lower in January","Our data partners at Kensho say beware of January. Since 2012 on average the Nasdaq, S&P 500, Dow and Russell all trade lower in the first month of the year. "
2018-01-31,"Inclusion on Forbes rich list 'now seen as toxic' by Russians",""
2018-01-31,"Nintendo reports bumper profits as Switch sales soar",""
2018-01-31,"M&S store closures put nearly 500 jobs at risk",""
2018-01-31,"Noel Edmonds secures funding to pursue £60m Lloyds claim",""
2018-01-31,"Meet the Mentor – podcast  'Stay paranoid': Meet the Mentors with Ebookers' founder",""
2018-01-31,"Business made simple  Worried a robot will replace you? Treat AI as an opportunity",""
2018-01-31,"Capita: more than £1bn wiped off value of UK government contractor",""
2018-01-31,"All workers need unions – including those in Silicon Valley",""
2018-01-31,"Labor considering options to peg minimum wage to median income",""
2018-01-31,"Folic acid: new research is a 'gamechanger' in push to fortify British foods",""
2018-01-31,"UK car production falls for first time since 2009 as Brexit fears hit sales",""
2018-01-31,"The alternatives  ",""
2018-01-31,"Not gonna fly: 'emotional support peacock' turned away by airline",""
2018-01-31,"UK casting sessions may have to display notice guaranteeing no harassment",""
2018-01-31,"Nils Pratley on finance  ",""
2018-01-31,"Report into misconduct by RBS will be made public, says watchdog",""
2018-01-31,"The Guardian view on BBC pay: no more excuses",""
2018-01-31,"Interest-only borrowers risk losing homes, warns watchdog",""
2018-01-31,"University staff are right to be striking",""
2018-01-31,"Brief letters  Donald Trump the pantomime villain",""
2018-01-30,"Theresa May still too slow on tax avoidance",""
2018-01-30,"Business live  Wall Street falls 1%; Europe outpaces UK and US with strongest GDP growth in a decade - as it happened",""
2018-01-30,"UN urged to launch global effort to end offshore tax evasion",""
2018-01-30,"Quiksilver surfwear boss missing at sea off French coast",""
2018-01-30,"Calls for more scrutiny of top accounting firms after Carillion collapse",""
2018-01-30,"Amazon and Warren Buffett to create 'reasonable cost' healthcare company",""
2018-01-30,"BP to install charging points for electric cars at UK petrol stations",""
2018-01-30,"Shortcuts  Pie in the sky ideas – how Greggs became king of the publicity stunt",""
2018-01-30,"Only a third of rail commuters think fares are value for money",""
2018-01-30,"Week in geek  Time's up for James Bond: is 007 too toxic for the #MeToo era?",""
2018-01-30,"UK mortgage lending falls to lowest level since January 2015",""
2018-01-30,"Coronation Street signs product placement deals with Co-op and Costa",""
2018-01-30,"VW suspends media chief amid scandal over fume tests on monkeys",""
2018-01-30,"UK electricity use falls – as rest of EU rises",""
2018-01-30,"Ryanair reaches 'historic' deal with UK pilots' union",""
2018-01-30,"Leaked Brexit impact report: key questions answered",""
2018-01-30,"Pink, Sheryl Crow and more slam Grammys boss for telling women to 'step up'",""
2018-01-30,"May hoping to kickstart faltering China relations with trade visit",""
2018-01-30,"Janet Yellen sets interest rates one last time. How will history rate her?",""
2018-01-30,"'One big pothole’: will Trump fix America’s decaying infrastructure?",""
2018-01-30,"Private foster care agencies increasing cost of finding children homes",""
2018-01-30,"Why do we let greedy financiers profit from the pain of foster children?",""
2018-01-30,"Thomson Reuters in talks with Blackstone over $17bn offer",""
2018-01-30,"Boots cuts price of morning-after pill across UK",""
2018-01-30,"Guardian Opinion cartoon  Martin Rowson on yet another mess facing Theresa May – cartoon",""
2018-01-30,"Nils Pratley on finance  ",""
2018-01-30,"The hypocrisy of the Davos set is finally being exposed",""
2018-01-30,"The Guardian view on Ikea: furnishing the modern world",""
2018-01-30,"Squalid homes: Corbyn says government ‘in pockets of landlords’",""
2018-01-30,"How to end speculation and squalor in housing",""
2018-01-30,"Simple steps to save the planet from plastic",""
2018-01-30,"Elon Musk sells $3.5m worth of flamethrowers in a day",""
2018-01-30,"Independent booksellers could join forces to compete with chains",""
2018-01-30,"VW condemned for testing diesel fumes on humans and monkeys",""
2018-01-30,"French fraud officials investigate Nutella deal that sparked brawls",""
2018-01-30,"New easyJet boss takes salary cut as airline faces gender pay gap",""
2018-01-30,"Business live  Pound slips amid renewed Brexit fears and dollar recovery - as it happened",""
2018-01-30,"Meatball mania: the top 10 Ikea products of all time – rated",""
2018-01-30,"Tourists offered night's stay in Mumbai slum",""
2018-01-30,"Project Syndicate economists  ",""
2018-01-29,"Brussels prepared for trade war with US if it restricts EU imports",""
2018-01-29,"KPMG to be investigated over Carillion auditing",""
2018-01-29,"Gas-fired plants to reap huge subsidies despite uncertain future",""
2018-01-29,"First thoughts  ",""
2018-01-29,"Belgian restaurants accused of selling 'mineral water' from the tap",""
2018-01-29,"Superdry founder bags £18m after Brexit profits boom",""
2018-01-29,"Towel wars over? Thomas Cook offers sunbed booking for £22",""
2018-01-29,"Jackpotting: hackers are making ATMs give away cash",""
2018-01-29,"Business made simple  Business Made Simple event in Leeds",""
2018-01-29,"Carillion's collapse should make all councils rethink privatisation",""
2018-01-29,"Carillion: MPs accuse company of 'trying to wriggle' out of pensions",""
2018-01-29,"UK economic growth expected to slow in first few months of 2018",""
2018-01-29,"M&S one of UK retailers yet to renew safety deal in Bangladesh factories",""
2018-01-29,"Automation to take 1 in 3 jobs in UK's northern centres, report finds",""
2018-01-29,"Brexit risks energy shortages and bigger bills, peers warn",""
2018-01-29,"The briefing  Bitcoin and cryptocurrencies – what digital money really means for our future",""
2018-01-29,"Observer business agenda  ",""
2018-01-29,"Presidents Club scandal: property firm loses major backer",""
2018-01-29,"A Brexit deal looms - Hammond and May's darkest hour is up",""
2018-01-29,"Ingvar Kamprad obituary",""
2018-01-28,"Ikea founder Ingvar Kamprad dies aged 91",""
2018-01-28,"Japan cryptocurrency exchange to refund stolen $400m",""
2018-01-28,"Business leader  ",""
2018-01-28,"The big tech backlash",""
2018-01-28,"William Keegan's in my view  ",""
2018-01-28,"An eco-friendly cuppa? Now teabags are set to go plastic-free",""
2018-01-28,"Letters: cold facts about foreign languages",""
2018-01-28,"UK accused of hypocrisy on overseas tobacco control",""
2018-01-28,"Trump ally Steve Wynn out as Republican finance chair after sexual misconduct report",""
2018-01-28,"Sex and the City: life as a hostess in London’s gilded halls",""
2018-01-28,"National Audit Office to investigate East Coast rail 'bailout'",""
2018-01-28,"Nail-biting drama for Sky and Disney as new rivals eye entertainment arena",""
2018-01-28,"Notebook  ",""
2018-01-28,"Saudi prince Alwaleed bin Talal released from detention",""
2018-01-28,"Agents race to depose Zahavi and Mendes in football’s Game of Thrones",""
2018-01-28,"After #MeToo  'It takes balls of steel': fighting UK supermarkets for equal pay",""
2018-01-28,"Five things we learned at Davos 2018",""
2018-01-28,"TV review  Dirty Money review – Alex Gibney left choking with rage by VW",""
2018-01-28,"Why building more homes will not solve Britain’s housing crisis",""
2018-01-28,"Brexit: cabinet seeks to present united front after Hammond spat",""
2018-01-26,"Bombardier wins fight against huge tariffs on aircraft imports",""
2018-01-26,"IMF chief warns Trump's tax cuts could destabilise global economy",""
2018-01-26,"John Lewis to expand personal stylist service for men after Oxford success",""
2018-01-26,"Channel 4 hits sweet spot with Bake Off as it seeks new sponsor",""
2018-01-26,"Business live  Davos 2018: Trump puts North Korea high on agenda in 'America first' speech - as it happened",""
2018-01-26,"Undercover in the chicken industry  Chicken safety scandal: government failed to take ‘definite action’, say MPs",""
2018-01-26,"Donald Trump woos business but attacks media at Davos",""
2018-01-26,"Carillion greed hits other companies’ pensions",""
2018-01-26,"Tesla boss Elon Musk pursues his most unlikely goal yet: a $55bn bonus",""
2018-01-26,"Trump is booed at Davos as he takes swipe at media – video",""
2018-01-26,"UK defence secretary is scaremongering about Russia - energy experts",""
2018-01-26,"Ghost towers: half of new-build luxury London flats fail to sell",""
2018-01-26,"UK insolvencies at highest level since financial crisis",""
2018-01-26,"Wetherspoons cancels contract with Russell Hume after meat scare",""
2018-01-26,"Discounted Nutella causes chaos in French supermarkets – video",""
2018-01-26,"John McDonnell: I'm in Davos to tell the elite they are held in contempt",""
2018-01-26,"Be afraid, Tories – even the Davos elite now fancies a bit of Corbynism",""
2018-01-26,"'They are like animals': French shoppers brawl over cut-price Nutella",""
2018-01-26,"Passenger's £900 case damaged – but airline refuses compensation",""
2018-01-26,"UK GDP beats forecasts but growth remains uneven",""
2018-01-26,"UK health body calls for cigarette-style warnings on alcohol",""
2018-01-26,"Guidelines are a start, but sexual harassment in the film industry is not going away soon",""
2018-01-26,"Business live  Davos 2018: Donald Trump, Theresa May and George Soros at WEF - as it happened",""
2018-01-26,"US panel rejects Philip Morris claim iQOS tobacco device cuts disease risk",""
2018-01-26,"Nils Pratley on finance  ",""
2018-01-26,"Bitcoin won't last in world of finance, warns Nobel-winning economist",""
2018-01-26,"Theresa May risks unrest by paving way for Donald Trump visit",""
2018-01-26,"Asos 'try before you buy' brings bumper Christmas sales",""
2018-01-26,"Blow to fracking firms as UK insists on financial checks",""
2018-01-26,"Unanswerable case for a land value tax",""
2018-01-26,"Incoherent policies on sugar and alcohol",""
2018-01-26,"Lost in showbiz  Britain’s ghastliest financial sublebrities – a who’s who",""
2018-01-26,"Ghost of general election holds back Theresa May at Davos",""
2018-01-26,"MPs call for police to investigate Presidents Club scandal",""
2018-01-26,"Fall in apprenticeships may force 'radical rethink' of UK policy",""
2018-01-26,"Jamie Oliver and Wetherspoons caught up in meat recall",""
2018-01-26,"Sky News no longer critical to broadcaster, says chief executive",""
2018-01-26,"First thoughts  ",""
2018-01-26,"Customers urged not to switch supply after Future Energy collapse",""
2018-01-26,"Rapha founder: 'Cycling now is a bit dull ... there's all this doping stuff'",""
2018-01-25,"Hey Davos, how about a tax on business class airfares?",""
2018-01-25,"Britain's debt timebomb  Seven in 10 UK workers are 'chronically broke', study finds",""
2018-01-25,"As State of the Union nears, is America great again for the working class?",""
2018-01-25,"Presidents Club: who was invited to the all-male charity gala?",""
2018-01-25,"Project Davos: readers' suggestions for tackling global inequality",""
2018-01-25,"Sky takes on Netflix and Amazon with cheaper streaming",""
2018-01-25,"Trans-Pacific Partnership's benefit to Australia 'very small'",""
2018-01-25,"Unions target Coalition marginal seats in multinational tax avoidance campaign",""
2018-01-25,"May calls on social media giants to do more to tackle terrorism",""
2018-01-25,"Nils Pratley on finance  ",""
2018-01-25,"Google CEO: we're happy to pay more tax",""
2018-01-25,"Business live  Davos 2018: Macron hails French recovery; Merkel warns against populism; Gates launches new malaria fight - as it happened",""
2018-01-25,"Marxism v capitalism is so last century",""
2018-01-25,"Arsenal seals cryptocurrency sponsorship deal",""
2018-01-25,"Guardian Brexit watch  ",""
2018-01-25,"Landmark leasehold case fails to slash extension costs",""
2018-01-25,"Protectionism is not the answer, Angela Merkel warns US",""
2018-01-25,"Guardian Brexit watch  How has the Brexit vote affected the economy? January verdict",""
2018-01-25,"UK job vacancies and numbers employed both hit record highs",""
2018-01-25,"Brexit data snapshot  Sterling hits $1.40 for first time since Brexit vote",""
2018-01-24,"WH Smith high street sales fall as spoof books disappoint",""
2018-01-24,"The Golf Ball: the next addition to London’s skyline?",""
2018-01-24,"Qualcomm fined €997m by EU for paying Apple to exclusively use its chips",""
2018-01-24,"Facebook should be 'regulated like cigarette industry', says tech CEO",""
2018-01-24,"World's first electric container barges to sail from European ports this summer",""
2018-01-24,"GM sued by motorcyclist in first lawsuit to involve autonomous vehicle",""
2018-01-24,"MPs to question senior Carillion executives over collapse",""
2018-01-24,"What is your experience of men-only events in the city? Tell us",""
2018-01-24,"Meet the Mentor – podcast  'I was told British people wouldn't eat dark chocolate': Meet the Mentors with Green & Black's Jo Fairley",""
2018-01-24,"The video games industry isn’t yet ready for its #MeToo moment",""
2018-01-24,"Countrywide boss resigns as shares hit new low",""
2018-01-24,"Carlisle Lake District airport to open for commercial passenger flights in June",""
2018-01-24,"Donald Trump's tariffs on panels will cost US solar industry thousands of jobs",""
2018-01-24,"Want to sell your luxury London home? Then take £1m off",""
2018-01-24,"MP calls for tougher laws after women 'groped' at men-only charity gala",""
2018-01-24,"Ban credit cards for online gambling, says government review",""
2018-01-24,"New York City sues 'Big Pharma' for $500m for fueling opioid epidemic",""
2018-01-24,"The end of road rage? A car which detects emotions",""
2018-01-24,"Justin Trudeau tells Davos: tackle inequality or risk failure",""
2018-01-24,"Nils Pratley on finance  ",""
2018-01-23,"Palmer & Harvey collapsed with debts of more than £700m",""
2018-01-23,"Business live  Davos 2018: Justin Trudeau blasts gender inequality; Modi warns against protectionism; Blanchett on refugees - Day 1 as it happened",""
2018-01-23,"The parallel universe of Davos’s high priests",""
2018-01-23,"Murdoch's Sky bid: what next for the media heavyweight?",""
2018-01-23,"London's 65th annual toy fair – in pictures",""
2018-01-23,"Gas field earthquakes put Netherlands’ biggest firms on extraction notice",""
2018-01-23,"Elon Musk lines up $55bn payday – the world's biggest bonus",""
2018-01-23,"Cate Blanchett urges Davos to give refugees more compassion",""
2018-01-23,"Rupert Murdoch’s Sky bid is not in public interest, says regulator",""
2018-01-23,"Number of new antibiotics has fallen sharply since 2000",""
2018-01-23,"UBS chairman warns against bitcoin investment as cryptocurrency falls 12%",""
2018-01-23,"Now Theresa May can stand up to Rupert Murdoch. But will she?",""
2018-01-23,"Sainsbury's to axe thousands of store management roles",""
2018-01-23,"Box office analysis: UK  Disney's gloriously ghoulish Coco charms UK box office",""
2018-01-23,"OECD chief: We have to make Brexit as smooth as possible",""
2018-01-23,"Project Syndicate economists  ",""
2018-01-23,"Trump imposes steep tariffs on imported solar panels and washing machines",""
2018-01-23,"Bringing trousers back to Trouser Town: the small businesses reviving heritage industries",""
2018-01-23,"Pets at Home brought to heel as it shuts Barkers chain",""
2018-01-23,"National Grid criticises Ofgem over Hinkley Point C proposals",""
2018-01-23,"Consumer champions  Why was I humiliated by Waitrose self-scan check?",""
2018-01-23,"Nils Pratley on finance  ",""
2018-01-23,"Off-peak charging vital for electric car power supply, experts say",""
2018-01-23,"Modern-day slavery in focus  Thai seafood: are the prawns on your plate still fished by slaves?",""
2018-01-23,"Wonky desks, giant fig trees and mindfulness classes: is this the office of the future?",""
2018-01-23,"Even at Davos, capitalism’s critics are now centre stage",""
2018-01-23,"Snow falling on leaders: 'exceptional' winter weather delays VIP arrivals to Davos",""
2018-01-23,"Netflix valuation breaks $100bn for first time",""
2018-01-23,"Business live  Pope Francis urges Davos to fight poverty and injustice; Elton John blasts 'disgraceful' inequality -- as it happened",""
2018-01-23,"UK firms report 'robust confidence levels' for 2018",""
2018-01-23,"Bossy diet advice won’t save the NHS",""
2018-01-23,"Carillion collapse shows need for company reform",""
2018-01-23,"Business leaders push for new campaign to reverse Brexit",""
2018-01-23,"Tesco to shed up to 1,700 jobs in new management shake-up",""
2018-01-23,"Jaguar Land Rover to cut production at Halewood",""
2018-01-23,"Trump tax cuts will bring short-term global growth surge, says IMF",""
2018-01-23,"Was the EU to blame for the switch to PFI?",""
2018-01-23,"IMF lifts global growth forecast to 3.9%, saying momentum is building",""
2018-01-23,"British-Australian businessman jailed in Mongolia appeals to UN over 'unfair trial'",""
2018-01-23,"More small firms handed right to complain about their bank",""
2018-01-22,"Fears for future of UK onshore wind power despite record growth",""
2018-01-22,"UK government urged to investigate insurer 'discrimination' against mentally ill",""
2018-01-22,"Think you can spot scammers? Just 9% of Britons really can",""
2018-01-22,"iPhone X lifts Dixons Carphone sales",""
2018-01-22,"Young people warned: economic focus on short-term growth is failing you",""
2018-01-22,"'Legalized loan sharking': payday loan customers recount their experiences",""
2018-01-22,"CBI chief calls for urgent ‘jobs first’ Brexit transition deal",""
2018-01-22,"Amazon's first checkout-free grocery store opens on Monday",""
2018-01-22,"Ryanair: passengers fight for expenses if flights are delayed",""
2018-01-22,"Business made simple  Virtual reality and Mr Men books: companies reveal their unusual recruitment tools",""
2018-01-22,"Unions reach $2.3m settlement on Bangladesh textile factory safety",""
2018-01-22,"We can solve the UK’s housing crisis – with a little imagination",""
2018-01-22,"It’s not just Carillion. The whole privatisation myth has been exposed",""
2018-01-22,"Inequality gap widens as 42 people hold same wealth as 3.7bn poorest",""
2018-01-22,"Labour alleges conflict of interest in oversight of private suppliers",""
2018-01-22,"The Guardian view on Davos and inequality: a demagogue takes advantage",""
2018-01-22,"How best to leave the world of work behind",""
2018-01-22,"Brief letters  Build a beautiful wall – around Davos",""
2018-01-22,"Search restarts for area willing to host highly radioactive UK waste",""
2018-01-22,"Lloyd's of London to divest from coal over climate change",""
2018-01-21,"Economics viewpoint  ",""
2018-01-21,"Technology will widen pay gap and hit women hardest – Davos report",""
2018-01-21,"Observer business agenda  ",""
2018-01-21,"Business leader  ",""
2018-01-21,"Customers can go hang at RBS, where profit is the only motive",""
2018-01-21,"Capitalism’s new crisis: after Carillion, can the private sector ever be trusted?",""
2018-01-21,"Whistleblower suing Ernst & Young over gold dealings with Dubai firm",""
2018-01-21,"Grogonomics  ",""
2018-01-21,"Boardroom excesses can no longer be tolerated. The economy has to work for all",""
2018-01-21,"Theresa May: I will fine greedy bosses who betray their workers",""
2018-01-21,"Britain’s tired old economy isn’t strong enough for Brexit",""
2018-01-21,"Whatever he chooses to say at Davos, Trump will make headlines",""
2018-01-21,"Climate change, AI and harassment – the hottest topics at this year’s Davos",""
2018-01-21,"Readers' hopes for 2018: what would you like us to cover this year?",""
2018-01-21,"Dixons Carphone CEO will step down to run chemist chain Boots",""
2018-01-21,"Why do supermarkets sell organic food wrapped in plastic?",""
2018-01-21,"Donald Trump and Theresa May to meet in Switzerland",""
2018-01-21,"Frank Field demands answers over 'reckless' running of Carillion",""
2018-01-21,"Guardian Opinion cartoon  Martin Rowson on Boris Johnson's Channel bridge proposal – cartoon",""
2018-01-21,"Business live  UK retail sales fall sharply in December, US consumer confidence dips - as it happened",""
2018-01-19,"Carillion collapse further delays building at two major hospitals",""
2018-01-19,"Boris Johnson slams UK's infrastructure record, then proposes Channel bridge",""
2018-01-19,"After Carillion we have the chance to build a better country",""
2018-01-19,"The Guardian view on a caring capitalism: healing an unhappy society",""
2018-01-19,"Funeral price war prompts Dignity to issue profits warning",""
2018-01-19,"Experts, industry and PM pour cold water on Boris Johnson's bridge",""
2018-01-19,"Could a Channel bridge be as bold and beautiful as these marvels?",""
2018-01-19,"UK's live entertainment industry hits new highs",""
2018-01-19,"Davos speakers: from Donald Trump to Malala Yousafzai",""
2018-01-19,"Davos gathering prompts locals to cash-in and leave",""
2018-01-19,"1m more smart meters which hinder switching could be rolled out",""
2018-01-19,"Hundreds of MPs call on supermarkets to scrap plastic packaging",""
2018-01-19,"MPs on both sides back tax break for referendum campaign donors",""
2018-01-19,"Project Davos: what's the single best way to close the world's wealth gap?",""
2018-01-19,"Europe must wake up to the drastic consequences of a hard Brexit",""
2018-01-19,"British shoppers reined in Christmas spending, official figures show",""
2018-01-19,"Amazon's next top headquarters: US cities strut their stuff as firm seeks second home",""
2018-01-19,"Ryanair: HMRC and employment tsar may question airline over pay",""
2018-01-19,"Macron rebuffs post-Brexit City deal unless UK pays into EU budget",""
2018-01-19,"The long read  Post-work: the radical idea of a world without jobs",""
2018-01-18,"Not to be sniffed at: more Norwegians turn from cigarettes to snuff",""
2018-01-18,"Pollutionwatch  Pollutionwatch: exhaust emissions double below 20C – by design",""
2018-01-18,"Battersea Power Station to be sold for £1.6bn",""
2018-01-18,"Waterstones' annual profits jump 80% as buyers loom",""
2018-01-18,"Already thinking positively about economic alternatives",""
2018-01-18,"Brexit blow as satellite monitoring centre moves from UK to Spain",""
2018-01-18,"Vince Cable 'disgusted' with FCA over RBS mistreatment of small firms",""
2018-01-18,"Brief letters  The great British Bayeux cover-up",""
2018-01-18,"Primark primed to overtake Next as UK's No 2 clothing retailer",""
2018-01-18,"The Guardian view on the private finance initiative: replace this failed model",""
2018-01-18,"UK's largest estate agent Countrywide issues profit warning",""
2018-01-18,"Asda and Aldi ban sale of energy drinks to under 16s",""
2018-01-18,"As inflation crushes wage rises, banks turn off lending taps to households",""
2018-01-18,"Corbyn on Carillion: we'll end outsourcing 'racket' in rule change",""
2018-01-18,"Business live  Carillion crisis: UK banks offer help to small firms, as task force launched - as it happened",""
2018-01-18,"Planning rules to be strengthened in UK to protect music venues",""
2018-01-18,"Banks extend £225m lifeline to Carillion subcontractors as firms offer jobs",""
2018-01-18,"Chemring under criminal investigation by UK fraud office",""
2018-01-18,"When it comes to estate agents, the future could be purple",""
2018-01-18,"Unions call denial of minimum wage to North Sea workers ‘national disgrace’",""
2018-01-18,"Airbus finally secures lifeline for A380 with Emirates deal",""
2018-01-18,"Supermarkets under pressure to reveal amount of plastic they create",""
2018-01-18,"First thoughts  ",""
2018-01-18,"Donald Trump is hampering fight against climate change, WEF warns",""
2018-01-18,"Pets and package holidays – how over-65s drive UK consumer spending",""
2018-01-18,"The disruptors  Check me out: the library where you can borrow clothes instead of books",""
2018-01-18,"Costa Coffee loses its froth as sales fall",""
2018-01-18,"After Carillion, social enterprises must take charge of public services",""
2018-01-18,"Crystals, potions and tarot cards: the mystical rise of new age businesses",""
2018-01-18,"From mother's ruin to modern tipple: how the UK rediscovered gin",""
2018-01-18,"Bitcoin bubble is bursting and has a long way to fall, economists warn",""
2018-01-18,"Norway aims for all short-haul flights to be 100% electric by 2040",""
2018-01-18,"Taxpayers to foot £200bn bill for PFI contracts – audit office",""
2018-01-18,"Turning offices into homes threatens affordability – study",""
2018-01-18,"Arcadia's poor sales blamed for squeeze on suppliers",""
2018-01-18,"Social media firms warned of new type of online extremism at Senate hearing",""
2018-01-18,"Grogonomics  ",""
2018-01-18,"May to set timetable to reveal foreign owners of UK property",""
2018-01-18,"Apple says it will pay $38bn in foreign cash taxes and create 20,000 US jobs",""
2018-01-18,"Not taking the biscuit: MPs decline 'unsolicited' gifts from 2 Sisters boss",""
2018-01-17,"‘Flimsy’ reassurances anger unions as creditors brace for Carillion fallout",""
2018-01-17,"Nils Pratley on finance  ",""
2018-01-17,"Guardian Opinion cartoon  Steve Bell on Theresa May and Carillion's collapse – cartoon",""
2018-01-17,"At the sharp end of the Carillion supply chain",""
2018-01-17,"Parliament to debate RBS 'hang themselves' comment",""
2018-01-17,"Four lessons the Carillion crisis can teach business, government and us",""
2018-01-17,"Tesco delays Clubcard changes after customer backlash",""
2018-01-17,"Carillion crisis: Most private customers to keep paying staff; director bonuses stopped - as it happened",""
2018-01-17,"The Guardian UK: Politics Weekly  Outsourcing and the Carillion collapse – Politics Weekly podcast",""
2018-01-17,"M&S to shut London distribution centre, putting 380 jobs at risk",""
2018-01-17,"The politics sketch  ",""
2018-01-17,"25 staff laid off at agency key to May's plastic reduction pledge",""
2018-01-17,"Payday loan rules undergo review by agency head supported by lenders",""
2018-01-17,"Carillion may have gone bust, but outsourcing is a powerful public good",""
2018-01-17,"Bitcoin’s energy usage is huge – we can't afford to ignore it",""
2018-01-17,"Goldman Sachs profits hit by Trump tax overhaul – but banks set to win in long run",""
2018-01-17,"Nearly 1m tonnes every year: supermarkets shamed for plastic packaging",""
2018-01-17,"The IMF has choked Tunisia. No wonder the people are protesting",""
2018-01-17,"PMQs: May defends Carillion actions after Corbyn criticism",""
2018-01-17,"End of the A380 superjumbo? Airbus warns future of plane at risk",""
2018-01-17,"Why Airbus says the A380 superjumbo's future is in doubt – video report",""
2018-01-17,"PMQs verdict: Corbyn taunts May over Carillion",""
2018-01-17,"London libraries assess impact of Carillion collapse",""
2018-01-17,"GKN rejects £7.4bn hostile takeover bid from Melrose",""
2018-01-17,"Burberry UK sales slump as Chinese shopping spree ends",""
2018-01-17,"CEO Kaz Hirai on Sony turnaround: 'My job has been to revive pride in what we do'",""
2018-01-17,"Mario Draghi told to drop membership of secretive bankers' club",""
2018-01-17,"EDF could build second nuclear plant 'for 20% less than Hinkley Point'",""
2018-01-17,"Interserve is not the next Carillion, says UK government",""
2018-01-17,"Nearly half a million UK firms facing 'significant' financial distress",""
2018-01-17,"Heathrow to unveil shorter third runway plan in bid to cut costs",""
2018-01-17,"The alternatives  ",""
2018-01-17,"Chinese carmaker dumps Trumpchi model name to avoid Trump link",""
2018-01-17,"Brexit uncertainty prompts employers to cut graduate jobs",""
2018-01-17,"Business made simple  'Trust your intuition': Meet the Mentors with Cath Kidston – podcast",""
2018-01-17,"Business live  Carillion crisis: Theresa May rules out bailout as Labour accuses ministers of collusion - as it happened",""
2018-01-17,"Bath University panel says vice-chancellor must leave post now",""
2018-01-17,"Verifone back online after outage on card machines",""
2018-01-17,"Justice department asks supreme court to intervene in fight against Daca",""
2018-01-17,"Carillion: unions demand taskforce to prioritise at-risk firms",""
2018-01-16,"Subcontractors lay off staff as Carillion crisis spreads",""
2018-01-16,"Nils Pratley on finance  ",""
2018-01-16,"Dow Jones tops 26,000 for first time as stock market boom continues",""
2018-01-16,"The Guardian view on Carillion’s collapse: no hiding place",""
2018-01-16,"Six warning signs that the Carillion collapse was coming",""
2018-01-16,"After Carillion how many firms can the pensions lifeboat rescue?",""
2018-01-16,"Lessons to be learned from Carillion’s collapse",""
2018-01-16,"Natural gas has role in UK energy mix",""
2018-01-16,"Carillion casualty: landscaper owed £1m that could go bust",""
2018-01-16,"'Metal particles splash into eyes': study claims iPhone workers face toxic risks",""
2018-01-16,"Greggs takes on Burger King and McDonald’s with hot food menu",""
2018-01-16,"BP's Deepwater Horizon bill tops $65bn",""
2018-01-16,"The Carillion scandal must bury the rip-off PFI dogma for good",""
2018-01-16,"Carillion: ministers fast-track inquiry into directors' conduct",""
2018-01-16,"Provident Financial expects £120m loss at doorstep lending arm",""
2018-01-16,"Flat fare? Dodgy meter blocks rollout of London's electric cabs",""
2018-01-16,"Box office analysis: UK  Gary Oldman's Darkest Hour gives V for victory at UK box office",""
2018-01-16,"Bitcoin and Ethereum tumble after renewed fears of regulatory crackdown",""
2018-01-16,"UK green energy investment halves after policy changes",""
2018-01-16,"Just Eat driver 'sent unwanted messages' to female customer",""
2018-01-16,"Co-op launches even quicker online divorce service",""
2018-01-16,"Carillion's collapse shows that we need an urgent review of outsourcing",""
2018-01-16,"UK inflation rate slips to 3%, the first fall for six months",""
2018-01-16,"MPs demand action on electrical white goods safety",""
2018-01-16,"Quarter of UK's poorest households are getting deeper in debt, IFS warns",""
2018-01-16,"Iceland supermarket vows to eliminate plastic on all own-branded products",""
2018-01-16,"Business live  Carillion liquidation: Jeremy Corbyn attacks ‘rip-off' privatisations as workers face uncertainty - as it happened",""
2018-01-16,"Fire services ready to deliver school meals after Carillion collapse",""
2018-01-16,"Carillion crisis deepens amid scramble to save jobs after firm collapses",""
2018-01-16,"The four contracts that finished Carillion",""
2018-01-16,"Tesco revamps Clubcard rewards scheme",""
2018-01-16,"Brexit is hampering UK productivity, says Bank policymaker",""
2018-01-16,"No-deal Brexit would cost EU economy £100bn, report claims",""
2018-01-16,"Carillion’s collapse exposes failings in tendering system",""
2018-01-16,"The Guardian view on Carillion: reaping the consequences of corporate greed",""
2018-01-16,"Engineering giant GKN battles to hold off £7bn takeover",""
2018-01-16,"Nils Pratley on finance  ",""
2018-01-16,"Ryanair levies £5 charge to put suitcase in overhead locker",""
2018-01-16,"Report on UK's reliance on EU workers 'must be published urgently'",""
2018-01-16,"Arthouse films battle squeeze from Netflix and blockbusters",""
2018-01-15,"Carillion's 'highly inappropriate' pay packets criticised",""
2018-01-15,"British cars: black overtakes white as most popular colour",""
2018-01-15,"Jersey Royal potato crop could be hit by shortage of EU workers",""
2018-01-15,"Project Syndicate economists  ",""
2018-01-15,"British supermarket chickens show record levels of antibiotic-resistant superbugs",""
2018-01-15,"School of life  ",""
2018-01-15,"South Carolina hospital accused of tarnishing legacy of Coretta Scott King",""
2018-01-15,"How are you being affected by the Carillion liquidation crisis?",""
2018-01-15,"Carillion: what went wrong and where does it go from here?",""
2018-01-15,"Fears fallout from Carillion collapse will spread to other companies",""
2018-01-15,"First thoughts  ",""
2018-01-15,"So you're thinking about investing in bitcoin? Don't",""
2018-01-15,"Sir Richard Branson tells Virgin Trains to lift ban on Daily Mail",""
2018-01-15,"How Michael Gove's waste plans could bring local councils together at last",""
2018-01-15,"Business made simple  Psychotherapist Philippa Perry's guide to resilience in the workplace",""
2018-01-15,"Average UK property asking price up £2,000, says Rightmove",""
2018-01-15,"Diesel car sales slump puts thousands of jobs at risk in UK",""
2018-01-15,"Ford to invest $11bn and have 40 hybrid and fully electric vehicles by 2022",""
2018-01-15,"Labour demands answers on 'high-risk' Carillion contracts",""
2018-01-15,"Carillion lenders consider appeal to save firm from collapse",""
2018-01-14,"Carillion crisis: hedge funds rake in tens of millions",""
2018-01-14,"Property market braces for shockwaves from landmark leasehold case",""
2018-01-14,"How Oxfam became the rising star of UK's online fashion industry",""
2018-01-14,"Carillion crisis: UK government locked in last-ditch rescue talks",""
2018-01-14,"Detroit's auto giants take fight to big tech as largest US car show kicks into gear",""
2018-01-14,"Economics viewpoint  ",""
2018-01-14,"Business leader  ",""
2018-01-14,"Observer business agenda  ",""
2018-01-14,"William Keegan's in my view  ",""
2018-01-14,"Molly tries to shuffle the pack",""
2018-01-14,"Beer-battered ‘tofish’: welcome to London’s first all-vegan pub",""
2018-01-14,"Trump row could kill off swift post-Brexit trade deal, says former UK envoy",""
2018-01-14,"Carillion crisis looms for government as time runs out for refinancing deal",""
2018-01-14,"Carillion in crisis as outsourcing operation crumbles under debt",""
2018-01-14,"Will AT&T’s call to drop Huawei end phone maker’s US hopes?",""
2018-01-14,"The US retail industry is hemorrhaging jobs – and it's hitting women hardest",""
2018-01-14,"Trump-Trudeau love-in threatened as Canada attacks US over trade",""
2018-01-14,"Tencent, the $500bn Chinese tech firm you may never have heard of",""
2018-01-14,"Ground rent: ‘We feel like prisoners in our own home’",""
2018-01-14,"Credit cards: is this the end of the great rip-off?",""
2018-01-12,"GKN rejects £7bn hostile approach from rival Melrose",""
2018-01-12,"Steelworkers' pensions subjected to 'feeding frenzy' by advisers",""
2018-01-12,"Sterling surges against dollar as Spain and Netherlands back soft Brexit",""
2018-01-12,"Business live  Pound hits highest level since Brexit vote - as it happened",""
2018-01-12,"UK inflation: four in five workers fear cost of living squeeze, survey finds",""
2018-01-12,"Backers of cut-price chain B&M make £1bn profit on their investment",""
2018-01-12,"Carillion crisis: fears major government contractor is on the verge of collapse",""
2018-01-12,"Bill Gates and Mark Zuckerberg's guide on what to read at Davos",""
2018-01-12,"Trafficking in focus  Food firm Princes linked to inquiry into worker abuses in Italy's tomato fields",""
2018-01-12,"Online fashion retailer Boohoo doubles sales over festive period",""
2018-01-12,"Four Seasons Health Care rescue talks suffer setback",""
2018-01-12,"'A really big deal': New York City's fossil fuel divestment could spur global shift",""
2018-01-12,"Nils Pratley on finance  ",""
2018-01-12,"BHS ex-owner Dominic Chappell guilty of not disclosing information",""
2018-01-12,"Does London mayor Sadiq Khan's Brexit report stack up?",""
2018-01-12,"Lost in showbiz  Morality’s Richard Branson v the Daily Mail – unfortunately, we’ve got to pick a side",""
2018-01-12,"Business live  FTSE 100 closes at new peak but Tesco and M&S slump after Christmas updates - as it happened",""
2018-01-12,"Government indecision leaves £1.3bn Swansea tidal lagoon project in limbo",""
2018-01-12,"UK retailers see rise in sales of reusable coffee cups",""
2018-01-12,"EU to hold Britain to fishing quotas during Brexit transition",""
2018-01-11,"The Guardian UK: Politics Weekly  May's reshuffle and universal basic income – Politics Weekly podcast",""
2018-01-11,"Queen's bra fitter Rigby & Peller loses royal warrant after tell-all book",""
2018-01-11,"Ocado to wheel out C3PO-style robot to lend a hand at warehouses",""
2018-01-11,"Walmart uses massive Trump tax gain to offer modest pay rise to workers",""
2018-01-11,"Staying in the EU customs union after Brexit would be disastrous for Britain",""
2018-01-11,"Housebuyers benefit from profits squeeze on mortgage lenders",""
2018-01-11,"Ford-backed self-driving car in crash that sent two to hospital",""
2018-01-11,"New York City just declared war on the oil industry",""
2018-01-11,"Kodak leads surge of companies exploiting bitcoin buzz",""
2018-01-11,"Theresa May proposes plastic-free supermarket aisles in green strategy",""
2018-01-11,"Dementia is too big a problem to walk away from – for Pfizer or any of us",""
2018-01-11,"The UK Christmas retail winners and losers",""
2018-01-11,"Bitcoin and cryptocurrencies 'will come to bad end', says Warren Buffett",""
2018-01-11,"Pounds to shed: the rise of the luxury workout",""
2018-01-11,"Tough Christmas for retailers as shoppers feel the squeeze",""
2018-01-11,"Hardworking Britain  ",""
2018-01-11,"Brexit: UK could lose half a million jobs with no deal, says Sadiq Khan",""
2018-01-11,"We're going to need a bigger boat: UK yacht makers buoyant as buyers cash in on Brexit",""
2018-01-11,"Jeff Bezos: where the $106bn man belongs on the all-time rich list",""
2018-01-11,"Former​ BHS owner says workers shredded bin bags of documents",""
2018-01-10,"Brexit buyer’s remorse? We still don’t know what we’ve been sold",""
2018-01-10,"Ikea invites customers to 'pee on this ad' to check for pregnancy – and a crib deal",""
2018-01-10,"Nils Pratley on finance  ",""
2018-01-10,"John McDonnell to urge Davos elite to rewrite global economy rules",""
2018-01-10,"New York City plans to divest $5bn from fossil fuels and sue oil companies",""
2018-01-10,"Coastal states to Trump: why is Florida exempt from drilling and not us?",""
2018-01-10,"Government admits plans in place for Carillion collapse",""
2018-01-10,"M&S drops cauliflower 'steak' amid ridicule from customers",""
2018-01-10,"What a ‘no deal’ Brexit would mean for key UK industries",""
2018-01-10,"Bath revives plan to impose tourist tax",""
2018-01-10,"Minister to meet Vauxhall owner amid Ellesmere Port closure fears",""
2018-01-10,"Oil price hits three-year high of nearly $70 a barrel",""
2018-01-10,"UK economy grew by 0.6% in final quarter of 2017, says thinktank",""
2018-01-10,"Business live  UK economy grew by 0.6% in final quarter of 2017, thinktank says – as it happened",""
2018-01-10,"Sun makes £24m loss amid print ad slump and phone-hacking costs",""
2018-01-10,"Shortcuts  Forget M&S’s £2.50 ‘cauliflower steak’ – here’s how to make your own",""
2018-01-10,"Regulator sorry for not capping UK consumers' energy bills sooner",""
2018-01-10,"Sainsbury's warns of challenging market as Argos sales slide",""
2018-01-10,"Carphone Warehouse fined for 'striking' number of failures that led to data breach",""
2018-01-10,"Spread-betting industry may have put customers at risk of harm, says FCA",""
2018-01-10,"Michael Douglas issues surprise pre-emptive denial over sexual misconduct allegation",""
2018-01-10,"Majestic Wine toasts strong sales of English festive fizz",""
2018-01-10,"Worst delays on rail network: Govia Thameslink woes blamed on Whitehall",""
2018-01-10,"Winter sales shopping in Oxford Street – street photography",""
2018-01-10,"Business made simple  Bedroom business to world domination: Meet the Mentors with Trunki's Rob Law – podcast",""
2018-01-10,"Cabinet reshuffle could threaten gambling curbs, say campaigners",""
2018-01-10,"Trump administration won't allow oil drilling off Florida coast",""
2018-01-10,"Davis and Hammond make plea to Germany in pursuit of Brexit deal",""
2018-01-10,"World Bank issues warnings on interest rates and inflation",""
2018-01-10,"The strong case for a citizens’ wealth fund",""
2018-01-10,"Nils Pratley on finance  ",""
2018-01-10,"Just Eat 50p surcharge branded a rip-off by customers",""
2018-01-10,"UK must be ready for rise of electric vehicles, says ABB chief",""
2018-01-10,"Trump to attend Davos despite criticizing forum during his campaign",""
2018-01-10,"Brussels accuses David Davis of hypocrisy over EU discrimination claim",""
2018-01-10,"Business live  FTSE 100 closes at new peak, eurozone jobless rate hits near nine-year low - as it happened",""
2018-01-10,"Persimmon chief says he deserves £110m bonus",""
2018-01-10,"Record number of lorries using Dover port raises fears of Brexit delays",""
2018-01-10,"Burberry and Gucci help Oxfam to a winning online Christmas",""
2018-01-10,"Byron burger chain unveils rescue plan that could shut almost 1 in 3 branches",""
2018-01-09,"Fracking firm gets green light to test for oil at Balcombe … again",""
2018-01-09,"We can undo privatisation. And it won’t cost us a penny",""
2018-01-09,"Daily Mail accuses Virgin of censorship after trains stop selling its papers",""
2018-01-09,"Brexit: government urged to stop cost of VAT rule change hitting UK firms",""
2018-01-09,"Week in geek  Apocalypse now: what happens when the X-Men crash the Marvel Cinematic Universe?",""
2018-01-09,"UK shoppers spend £1bn more on groceries at Christmas",""
2018-01-09,"Catch the East Coast line – a fast track to Tory incompetence and scandal",""
2018-01-09,"Cost of living squeeze dents Christmas high street spending",""
2018-01-09,"Nurses priced out of housing developments on former NHS sites",""
2018-01-09,"Business live  Stock markets at record levels, but Vauxhall cuts cuts and UK house prices fall - as it happened",""
2018-01-09,"Reform, ration, or return to first principles: the choices for the NHS",""
2018-01-09,"Nils Pratley on finance  ",""
2018-01-09,"The rich benefit most, let them pay more tax",""
2018-01-09,"We medical staff are doing our best despite the waste",""
2018-01-09,"Brief letters  If you’re going to fall sick, do it in Walford",""
2018-01-09,"AA 'astonished' as sacked chairman brings wrongful dismissal case",""
2018-01-09,"Vauxhall axes 250 more jobs at Ellesmere Port plant",""
2018-01-09,"UK consumers trapped in credit card debt for longer than thought",""
2018-01-09,"Ex-BHS owner Dominic Chappell in court over alleged pension failures",""
2018-01-09,"Jared Kushner's company under renewed scrutiny over Chinese and Israeli deals",""
2018-01-08,"The disruptors  The new death industry: funeral businesses that won’t exploit grief",""
2018-01-08,"H&M apologises over image of black child in 'monkey' hoodie",""
2018-01-08,"Mothercare shares dive by more than 30% after profit warning",""
2018-01-08,"Tesco launches own-brand vegan range amid rise in plant-based eating",""
2018-01-08,"Bike blog  Confessions of a Deliveroo rider: get fit by delivering fast food",""
2018-01-08,"UK house prices falling for first time since June, says Halifax",""
2018-01-08,"UK factories optimistic for 2018 despite Brexit concerns, survey finds",""
2018-01-08,"Major retailers to reveal festive figures with M&S expected to struggle",""
2018-01-08,"New Look faces fresh blow as insurer cuts cover for suppliers",""
2018-01-08,"‘Open banking’: radical shake-up, or a threat to your private data?",""
2018-01-08,"Rail disruption expected as RMT prepares for three days of strikes",""
2018-01-08,"Government urged to ban nuisance calls and texts from claims firms",""
2018-01-08,"Agricultural policy under Michael Gove",""
2018-01-08,"The Guardian view on cryptocurrencies: a greater fool’s gold",""
2018-01-08,"Theresa May urged to drop auditors KPMG from Grenfell inquiry",""
2018-01-08,"Ineos 'misled' public over fracking in Sherwood Forest",""
2018-01-08,"Economics viewpoint  ",""
2018-01-08,"Observer business agenda  ",""
2018-01-08,"A new high street can’t save a town – but jobs and trains will",""
2018-01-08,"Business leader  ",""
2018-01-06,"Is this the best we can do with Britain’s railways?",""
2018-01-06,"UK companies will face huge new VAT burden after Brexit",""
2018-01-06,"Brexit to swallow £70m meant for developing cancer drugs, says GSK",""
2018-01-06,"Burberry check makes a casual comeback with Gosha Rubchinskiy",""
2018-01-06,"Shares have gone through the roof: could they possibly go even higher?",""
2018-01-06,"How smart speakers stole the show from smartphones",""
2018-01-06,"Personal debt: how you can shred your borrowing this year",""
2018-01-06,"Quiksilver owner buys rival surfing brand Billabong for $198m",""
2018-01-06,"Business live  Wall Street and FTSE 100 hit new highs as bull market shakes off US jobs report - as it happened",""
2018-01-06,"House of Fraser seeks to cut store size and rent bill after tough Christmas",""
2018-01-06,"Box office analysis: UK  Cinema box office in UK and Ireland breaks record third year in a row",""
2018-01-06,"Coca-Cola to sell smaller bottles at higher prices in response to sugar tax",""
2018-01-06,"Insurance firm and two senior figures handed record data breach fines",""
2018-01-06,"Stock market extends surge despite slowing US job growth",""
2018-01-06,"Five UK online casinos may lose licence over money-laundering fears",""
2018-01-06,"Once more, Iceland has shown it is the best place in the world to be female",""
2018-01-06,"UK government spells out plan to shut down coal plants",""
2018-01-06,"Tweet and tell: turning Twitter into complaints megaphone",""
2018-01-06,"Intel facing class-action lawsuits over Meltdown and Spectre bugs",""
2018-01-06,"Richard Branson defends government bailout of Virgin's East Coast rail",""
2018-01-05,"The Guardian's Audio Long Reads  Manchester City’s plan for global domination – podcast",""
2018-01-05,"Will a 25p charge change Britain's throwaway coffee cup culture?",""
2018-01-05,"Saudi Aramco takes key step towards $2tn flotation",""
2018-01-05,"UK productivity jumps at fastest rate for six years",""
2018-01-05,"Takeover frenzy: banks rake in record $104bn in fees",""
2018-01-05,"Virgin Trains treated me with misogynist disdain. Sadly, it’s hardly unusual",""
2018-01-05,"MPs call for 25p charge on takeaway coffee cups ahead of possible ban",""
2018-01-05,"Irn-Bru drinkers won't notice halved sugar content, claims AG Barr",""
2018-01-05,"Debenhams job cuts and store closures likely after disappointing sales",""
2018-01-05,"Amazon and cheap TVs: Ruslan Kogan on the new world of retail",""
2018-01-05,"Trump administration plans to allow oil and gas drilling off nearly all US coast",""
2018-01-05,"Dow and FTSE hit record highs as global stock market surges continue",""
2018-01-05,"Nils Pratley on finance  ",""
2018-01-05,"Fat Cat Thursday and the changing world of work",""
2018-01-05,"Brief letters  Latte result is an early win in cup campaign",""
2018-01-05,"Rail strikes to go ahead after talks over role of guards break down",""
2018-01-05,"Unilever to close 160-year-old Colman's Mustard factory in Norwich",""
2018-01-05,"Business live  Dow Jones and FTSE 100 hit fresh record highs as rally continues – as it happened",""
2018-01-05,"One female director for every 22 men: Hollywood's stark diversity problem",""
2018-01-05,"Focus on quality not weakened regulation post-Brexit, Gove tells farmers",""
2018-01-04,"US blocks MoneyGram sale to Alibaba boss over China security concerns",""
2018-01-04,"UK services grow faster than forecast despite growing Brexit concern",""
2018-01-04,"Spectre and Meltdown processor security flaws – explained",""
2018-01-04,"Pilots grounded after 'midair fight' on London-Mumbai flight",""
2018-01-04,"Aldi gives pay rise after UK sales exceed £10bn for first time",""
2018-01-04,"Meltdown and Spectre: ‘worst ever’ CPU bugs affect virtually all computers",""
2018-01-04,"Home and away  Miniature houses for sale – in pictures",""
2018-01-04,"Waitrose bans sale of energy drinks to under-16s",""
2018-01-04,"Inequality is under attack - but what should equality really look like?",""
2018-01-04,"Cost of living squeeze dents UK house price growth",""
2018-01-04,"Modern-day slavery in focus  Workers held captive in Indian mills supplying Hugo Boss",""
2018-01-04,"Poor Christmas at Debenhams prompts surprise profit warning",""
2018-01-04,"'Fat Cat Thursday': top bosses earn workers' annual salary by lunchtime",""
2018-01-04,"Fears minimum wage rises will put more jobs at risk of automation",""
2018-01-04,"Kensington Roof Gardens to close after more than 35 years",""
2018-01-04,"Shares in spread betting firm Plus500 soar thanks to bitcoin boom",""
2018-01-04,"Nils Pratley on finance  ",""
2018-01-04,"UK leaving single market for TPP could hit workers' rights, union warns",""
2018-01-04,"US drug firm offers cure for blindness – at $425,000 an eye",""
2018-01-04,"Toby Young appointment adds to the pressure on universities",""
2018-01-03,"Rail passengers must come before profits",""
2018-01-03,"Are we really ready for self-driving cars?",""
2018-01-03,"Poundland seals £180m financing deal to reduce reliance on Steinhoff",""
2018-01-03,"Shortcuts  Why do Easter eggs in January annoy us so much?",""
2018-01-03,"Next results signal a good Christmas for UK retailers",""
2018-01-03,"Business live  UK construction growth disappoints while FTSE 100 slips despite positive Next update - as it happened",""
2018-01-03,"UK construction industry optimism slumps to five-year low, survey reveals",""
2018-01-03,"The 8p banana that showed Bogotá needed more open public spending",""
2018-01-03,"HS2 contractor Carillion investigated by FCA",""
2018-01-03,"Royal Mail releases Game of Thrones stamp set – in pictures",""
2018-01-03,"Britain exploring membership of the TPP to boost trade after Brexit",""
2018-01-03,"'I'm going via the wing': fed-up Ryanair passenger takes emergency exit",""
2018-01-03,"Box office analysis: UK  Star Wars battles Beauty and the Beast for year's top spot at UK box office",""
2018-01-03,"Apple leads race to become world's first $1tn company",""
2018-01-03,"Digital streaming behind biggest rise in UK music sales for two decades",""
2018-01-03,"Nils Pratley on finance  ",""
2018-01-03,"Suspicions over accountable care organisations in the NHS",""
2018-01-03,"The middle class who got rich on Peps and Isas",""
2018-01-03,"Brief letters  Mata may be a very good boy, but does he pay his taxes?",""
2018-01-03,"Ryanair applies for UK licence as airline braces for hard Brexit",""
2018-01-02,"Bankers work around the clock to iron out EU finance reforms",""
2018-01-02,"Transport secretary ‘running scared’ as he flies out of UK on day of rail fare hike",""
2018-01-02,"Good for factories, bad for shoppers: a Brexit pattern is emerging",""
2018-01-02,"Business live  UK, US and eurozone manufacturing expands strongly at year-end – as it happened",""
2018-01-02,"Trump tax cut to dent BP profits by $1.5bn, company warns",""
2018-01-02,"Project Syndicate economists  ",""
2018-01-02,"Virgin Trains apologises for sexist response to passenger's complaint",""
2018-01-02,"Fertility and canapés: why egg freezing parties are a hot item on Wall St",""
2018-01-02,"UK manufacturing growth stays strong at end of year",""
2018-01-02,"Former advertising executive reveals junk food-pushing tactics",""
2018-01-02,"Marks & Spencer sells Hong Kong stores as it retreats from overseas markets",""
2018-01-02,"Rail fares: unions and Labour condemn 'staggering' increase",""
2018-01-02,"Cheltenham house prices rise while Perth sees biggest fall as market slows",""
2018-01-02,"Your problems, with Anna Tims  The deposit for our new home is stuck in solicitor’s HSBC account",""
2018-01-02,"Co-op launches £160m expansion plan for 2018",""
2018-01-02,"Members’ club backed by Lord Ashcroft seeks to cut staff's basic pay",""
2018-01-02,"The Guardian's share tips for 2018",""
2018-01-02,"Tributes paid after five Britons killed in seaplane crash near Sydney",""
2018-01-02,"Vehicles are now America's biggest CO2 source but EPA is tearing up regulations",""
2018-01-02,"Ripple: cryptocurrency enjoys end-of-year surge – but will it endure?",""
